Workbook

Sheet README
A1: Customer Risk Assessment & Risk Rating Model (Excel)
A3: A no-code customer risk rating model implementing a standard FATF risk-based approach (RBA) for KYC/CDD — built entirely in Excel formulas.
A5: Purpose: a customer's risk rating is what drives everything downstream in a KYC program — how much due diligence is required at onboarding (Simplified CDD, Standard CDD, or Enhanced Due Diligence), how often the file gets reviewed, and how closely transaction monitoring alerts on that account are weighted. This workbook demonstrates that scoring logic end to end.
A7: How to use this workbook:
A8: 1. 'Risk_Weights' — the scoring policy: which factors matter and how much each counts toward the final score. Change a weight here and every customer's score recalculates automatically.
A9: 2. 'Reference_Tables' — five lookup tables (geography, industry, product, delivery channel, customer/entity type), each mapping a category to a Low/Medium/High risk tier. This is the kind of table a real compliance team maintains and periodically re-approves as policy.
A10: 3. 'Customers' — the customer book being assessed.
A11: 4. 'Risk_Assessment' — the scoring engine. Every customer's five risk factors are looked up, converted to a numeric score, weighted, and combined into a final rating — click any cell to see the live formula.
A13: The five weighted risk factors (standard FATF RBA categories):
A14: - Geographic Risk (25%) — customer's country of residence/incorporation, including FATF grey/black list status.
A15: - Industry / Occupation Risk (20%) — cash-intensive, MSB, precious metals, and similar sectors score higher than salaried employment or retail.
A16: - Product & Service Risk (20%) — cross-border wires, correspondent banking, and crypto services score higher than a plain checking account.
... A29: A note on thresholds: the Low/Medium/High cutoffs on the weighted score (and the specific weights themselves) are policy choices, not fixed math — a real institution calibrates and periodically re-validates these against its actual risk appetite and regulator expectations. They're intentionally exposed as editable inputs here rather than buried in formulas, since a risk model that can't be re-tuned without rewriting formulas isn't one a compliance team can actually govern.

Sheet Risk_Weights
A1: risk_factor | B1: weight | C1: description
A2: Geographic Risk | B2: 0.25 | C2: Customer's country of residence/incorporation
A3: Industry / Occupation Risk | B3: 0.2 | C3: Sector or occupation the customer operates in
A4: Product & Service Risk | B4: 0.2 | C4: Products/services the customer will use
A5: Customer / Entity Type Risk | B5: 0.15 | C5: Individual vs. entity, ownership complexity
A6: Delivery Channel Risk | B6: 0.2 | C6: How the customer was onboarded
A7: TOTAL | B7: =SUM(B2:B6) -> 1

Sheet Reference_Tables
A1: COUNTRY RISK | E1: INDUSTRY / OCCUPATION RISK | H1: PRODUCT & SERVICE RISK | K1: DELIVERY CHANNEL RISK | N1: CUSTOMER / ENTITY TYPE RISK
A2: country | B2: risk_tier | C2: fatf_status | E2: industry | F2: risk_tier | H2: product_type | I2: risk_tier | K2: delivery_channel | L2: risk_tier | N2: customer_type | O2: risk_tier
A3: US | B3: Low | C3: None | E3: Salaried Employment | F3: Low | H3: Checking Account | I3: Low | K3: Face-to-Face / Branch | L3: Low | N3: Individual - Salaried | O3: Low
A4: CA | B4: Low | C4: None | E4: Retail Trade | F4: Low | H4: Savings Account | I4: Low | K4: Online / Digital Onboarding (verified) | L4: Medium | N4: Individual - Self-Employed | O4: Medium
A5: GB | B5: Low | C5: None | E5: IT Services | F5: Low | H5: Personal Loan | I5: Low | K5: Non-Resident Remote Onboarding | L5: High | N5: Publicly Listed Company | O5: Low
A6: DE | B6: Low | C6: None | E6: Healthcare | F6: Low | H6: Mortgage | I6: Low | K6: Introduced by Third Party / Correspondent | L6: High | N6: Government Entity | O6: Low
A7: FR | B7: Low | C7: None | E7: Education | F7: Low | H7: Trade Finance | I7: Medium | N7: Private Company - Simple Ownership | O7: Medium
A8: JP | B8: Low | C8: None | E8: Government Employment | F8: Low | H8: Private Banking | I8: Medium | N8: Private Company - Complex/Layered Ownership | O8: High
A9: AU | B9: Low | C9: None | E9: Manufacturing | F9: Medium | H9: International Wire Transfers | I9: High | N9: Trust / Foundation | O9: High
A10: SG | B10: Low | C10: None | E10: Construction | F10: Medium | H10: Correspondent Banking | I10: High
A11: NL | B11: Low | C11: None | E11: Real Estate | F11: Medium | H11: Cryptocurrency Services | I11: High
A12: CH | B12: Low | C12: None | E12: Import / Export Trading | F12: Medium | H12: Cash-Intensive Business Account | I12: High
A13: IN | B13: Medium | C13: None | E13: Legal Services | F13: Medium
A14: BR | B14: Medium | C14: None | E14: NGO / Charity | F14: Medium
A15: MX | B15: Medium | C15: None | E15: Consulting | F15: Medium
A16: ZA | B16: Medium | C16: None | E16: Money Services Business (MSB) | F16: High
A17: TH | B17: Medium | C17: None | E17: Casino / Gaming | F17: High
A18: AE | B18: Medium | C18: None | E18: Precious Metals & Stones Dealer | F18: High
A19: TR | B19: Medium | C19: FATF grey list | E19: Cryptocurrency Exchange | F19: High
A20: PH | B20: Medium | C20: FATF grey list | E20: Arms & Defense Trading | F20: High
A21: VN | B21: Medium | C21: None | E21: Cash-Intensive Retail (e.g. car wash, convenience store) | F21: High
A22: HK | B22: Medium | C22: None | E22: Shipping & Freight Forwarding | F22: High
A23: SY | B23: High | C23: FATF black list
A24: KP | B24: High | C24: FATF black list
A25: IR | B25: High | C25: FATF black list
A26: MM | B26: High | C26: FATF black list
A27: AF | B27: High | C27: FATF grey list
A28: YE | B28: High | C28: FATF grey list
A29: SD | B29: High | C29: FATF grey list
A30: PA | B30: High | C30: FATF grey list
A31: CY | B31: High | C31: None - high-risk offshore profile
A32: BY | B32: High | C32: None - sanctioned regime proximity

Sheet Customers
A1: customer_id | B1: customer_name | C1: customer_type | D1: country | E1: industry | F1: product_type | G1: delivery_channel | H1: is_pep | I1: adverse_media_flag | J1: expected_annual_txn_volume_usd | K1: onboarding_date
A2: K001 | B2: Rebecca Lin | C2: Individual - Salaried | D2: US | E2: IT Services | F2: Checking Account | G2: Face-to-Face / Branch | H2: 0 | I2: 0 | J2: 45000 | K2: 2024-01-10
A3: K002 | B3: Marcus Webb | C3: Individual - Salaried | D3: US | E3: Healthcare | F3: Savings Account | G3: Face-to-Face / Branch | H3: 0 | I3: 0 | J3: 38000 | K3: 2023-06-22
A4: K003 | B4: Aiko Tanaka | C4: Individual - Salaried | D4: JP | E4: Education | F4: Checking Account | G4: Online / Digital Onboarding (verified) | H4: 0 | I4: 0 | J4: 52000 | K4: 2024-03-15
A5: K004 | B5: Global Freight Solutions Ltd | C5: Private Company - Simple Ownership | D5: SG | E5: Shipping & Freight Forwarding | F5: Trade Finance | G5: Face-to-Face / Branch | H5: 0 | I5: 0 | J5: 2500000 | K5: 2022-11-01
A6: K005 | B6: Henrik Larsen | C6: Individual - Self-Employed | D6: NL | E6: Consulting | F6: Checking Account | G6: Online / Digital Onboarding (verified) | H6: 0 | I6: 0 | J6: 90000 | K6: 2023-09-08
A7: K006 | B7: Priya Raman | C7: Individual - Salaried | D7: IN | E7: IT Services | F7: Checking Account | G7: Online / Digital Onboarding (verified) | H7: 0 | I7: 0 | J7: 30000 | K7: 2024-02-19
A8: K007 | B8: Whitfield & Associates LLP | C8: Private Company - Simple Ownership | D8: GB | E8: Legal Services | F8: Checking Account | G8: Face-to-Face / Branch | H8: 0 | I8: 0 | J8: 780000 | K8: 2021-05-14
A9: K008 | B9: Nour Haddad | C9: Individual - Self-Employed | D9: AE | E9: Real Estate | F9: Private Banking | G9: Face-to-Face / Branch | H9: 0 | I9: 0 | J9: 610000 | K9: 2022-08-30
A10: K009 | B10: Grace Ito | C10: Individual - Salaried | D10: JP | E10: Government Employment | F10: Checking Account | G10: Face-to-Face / Branch | H10: 1 | I10: 0 | J10: 60000 | K10: 2020-04-12
A11: K010 | B11: Silverline Trading FZE | C11: Private Company - Complex/Layered Ownership | D11: AE | E11: Precious Metals & Stones Dealer | F11: Correspondent Banking | G11: Introduced by Third Party / Correspondent | H11: 0 | I11: 0 | J11: 4200000 | K11: 2023-01-20
A12: K011 | B12: Anatoly Sokolov | C12: Individual - Self-Employed | D12: TR | E12: Import / Export Trading | F12: International Wire Transfers | G12: Non-Resident Remote Onboarding | H12: 0 | I12: 1 | J12: 350000 | K12: 2023-07-02
A13: K012 | B13: Maria Fernandez | C13: Individual - Salaried | D13: MX | E13: Retail Trade | F13: Checking Account | G13: Face-to-Face / Branch | H13: 0 | I13: 0 | J13: 28000 | K13: 2024-05-01
... A26: K025 | B26: Lucas Meyer | C26: Individual - Salaried | D26: FR | E26: IT Services | F26: Checking Account | G26: Face-to-Face / Branch | H26: 0 | I26: 0 | J26: 39000 | K26: 2024-03-30

Sheet Risk_Assessment
A1: customer_id | B1: customer_name | C1: geo_risk_tier | D1: industry_risk_tier | E1: product_risk_tier | F1: channel_risk_tier | G1: customer_type_risk_tier | H1: weighted_score | I1: base_rating | J1: is_pep | K1: adverse_media_flag | L1: override_reason | M1: final_risk_rating | N1: cdd_requirement | O1: review_frequency
A2: K001 | B2: Rebecca Lin | C2: =INDEX(Reference_Tables!$B$3:$B$32,MATCH(Customers!D2,Reference_Tables!$A$3:$A$32,0)) -> Low | D2: =INDEX(Reference_Tables!$F$3:$F$22,MATCH(Customers!E2,Reference_Tables!$E$3:$E$22,0)) -> Low | E2: =INDEX(Reference_Tables!$I$3:$I$12,MATCH(Customers!F2,Reference_Tables!$H$3:$H$12,0)) -> Low | F2: =INDEX(Reference_Tables!$L$3:$L$6,MATCH(Customers!G2,Reference_Tables!$K$3:$K$6,0)) -> Low | G2: =INDEX(Reference_Tables!$O$3:$O$9,MATCH(Customers!C2,Reference_Tables!$N$3:$N$9,0)) -> Low | H2: =(IF(C2="Low",1,IF(C2="Medium",2,3)))*Risk_Weights!$B$2+(IF(D2="Low",1,IF(D2="Medium",2,3)))*Risk_Weights!$B$3+(IF(E2="Low",1,IF(E2="Medium",2,3)))*Risk_Weights!$B$4+(IF(G2="Low",1,IF(G2="Medium",2,3)))*Risk_Weights!$B$5+(IF(F2="Low",1,IF(F2="Medium",2,3)))*Risk_Weights!$B$6 -> 1 | I2: =IF(H2>=2.3,"High",IF(H2>=1.6,"Medium","Low")) -> Low | J2: =Customers!H2 -> 0 | K2: =Customers!I2 -> 0 | L2: =IF(J2=1,"PEP override",IF(K2=1,"Adverse media override","")) | M2: =IF(OR(J2=1,K2=1),"High",I2) -> Low | N2: =IF(M2="High","Enhanced Due Diligence (EDD)",IF(M2="Medium","Standard CDD + enhanced monitoring","Simplified/Standard CDD")) -> Simplified/Standard CDD | O2: =IF(M2="High","Annual review",IF(M2="Medium","Review every 2 years","Review every 3 years")) -> Review every 3 years
A3: K002 | B3: Marcus Webb | C3: =INDEX(Reference_Tables!$B$3:$B$32,MATCH(Customers!D3,Reference_Tables!$A$3:$A$32,0)) -> Low | D3: =INDEX(Reference_Tables!$F$3:$F$22,MATCH(Customers!E3,Reference_Tables!$E$3:$E$22,0)) -> Low | E3: =INDEX(Reference_Tables!$I$3:$I$12,MATCH(Customers!F3,Reference_Tables!$H$3:$H$12,0)) -> Low | F3: =INDEX(Reference_Tables!$L$3:$L$6,MATCH(Customers!G3,Reference_Tables!$K$3:$K$6,0)) -> Low | G3: =INDEX(Reference_Tables!$O$3:$O$9,MATCH(Customers!C3,Reference_Tables!$N$3:$N$9,0)) -> Low | H3: =(IF(C3="Low",1,IF(C3="Medium",2,3)))*Risk_Weights!$B$2+(IF(D3="Low",1,IF(D3="Medium",2,3)))*Risk_Weights!$B$3+(IF(E3="Low",1,IF(E3="Medium",2,3)))*Risk_Weights!$B$4+(IF(G3="Low",1,IF(G3="Medium",2,3)))*Risk_Weights!$B$5+(IF(F3="Low",1,IF(F3="Medium",2,3)))*Risk_Weights!$B$6 -> 1 | I3: =IF(H3>=2.3,"High",IF(H3>=1.6,"Medium","Low")) -> Low | J3: =Customers!H3 -> 0 | K3: =Customers!I3 -> 0 | L3: =IF(J3=1,"PEP override",IF(K3=1,"Adverse media override","")) | M3: =IF(OR(J3=1,K3=1),"High",I3) -> Low | N3: =IF(M3="High","Enhanced Due Diligence (EDD)",IF(M3="Medium","Standard CDD + enhanced monitoring","Simplified/Standard CDD")) -> Simplified/Standard CDD | O3: =IF(M3="High","Annual review",IF(M3="Medium","Review every 2 years","Review every 3 years")) -> Review every 3 years
A4: K003 | B4: Aiko Tanaka | C4: =INDEX(Reference_Tables!$B$3:$B$32,MATCH(Customers!D4,Reference_Tables!$A$3:$A$32,0)) -> Low | D4: =INDEX(Reference_Tables!$F$3:$F$22,MATCH(Customers!E4,Reference_Tables!$E$3:$E$22,0)) -> Low | E4: =INDEX(Reference_Tables!$I$3:$I$12,MATCH(Customers!F4,Reference_Tables!$H$3:$H$12,0)) -> Low | F4: =INDEX(Reference_Tables!$L$3:$L$6,MATCH(Customers!G4,Reference_Tables!$K$3:$K$6,0)) -> Medium | G4: =INDEX(Reference_Tables!$O$3:$O$9,MATCH(Customers!C4,Reference_Tables!$N$3:$N$9,0)) -> Low | H4: =(IF(C4="Low",1,IF(C4="Medium",2,3)))*Risk_Weights!$B$2+(IF(D4="Low",1,IF(D4="Medium",2,3)))*Risk_Weights!$B$3+(IF(E4="Low",1,IF(E4="Medium",2,3)))*Risk_Weights!$B$4+(IF(G4="Low",1,IF(G4="Medium",2,3)))*Risk_Weights!$B$5+(IF(F4="Low",1,IF(F4="Medium",2,3)))*Risk_Weights!$B$6 -> 1.2 | I4: =IF(H4>=2.3,"High",IF(H4>=1.6,"Medium","Low")) -> Low | J4: =Customers!H4 -> 0 | K4: =Customers!I4 -> 0 | L4: =IF(J4=1,"PEP override",IF(K4=1,"Adverse media override","")) | M4: =IF(OR(J4=1,K4=1),"High",I4) -> Low | N4: =IF(M4="High","Enhanced Due Diligence (EDD)",IF(M4="Medium","Standard CDD + enhanced monitoring","Simplified/Standard CDD")) -> Simplified/Standard CDD | O4: =IF(M4="High","Annual review",IF(M4="Medium","Review every 2 years","Review every 3 years")) -> Review every 3 years
A5: K004 | B5: Global Freight Solutions Ltd | C5: =INDEX(Reference_Tables!$B$3:$B$32,MATCH(Customers!D5,Reference_Tables!$A$3:$A$32,0)) -> Low | D5: =INDEX(Reference_Tables!$F$3:$F$22,MATCH(Customers!E5,Reference_Tables!$E$3:$E$22,0)) -> High | E5: =INDEX(Reference_Tables!$I$3:$I$12,MATCH(Customers!F5,Reference_Tables!$H$3:$H$12,0)) -> Medium | F5: =INDEX(Reference_Tables!$L$3:$L$6,MATCH(Customers!G5,Reference_Tables!$K$3:$K$6,0)) -> Low | G5: =INDEX(Reference_Tables!$O$3:$O$9,MATCH(Customers!C5,Reference_Tables!$N$3:$N$9,0)) -> Medium | H5: =(IF(C5="Low",1,IF(C5="Medium",2,3)))*Risk_Weights!$B$2+(IF(D5="Low",1,IF(D5="Medium",2,3)))*Risk_Weights!$B$3+(IF(E5="Low",1,IF(E5="Medium",2,3)))*Risk_Weights!$B$4+(IF(G5="Low",1,IF(G5="Medium",2,3)))*Risk_Weights!$B$5+(IF(F5="Low",1,IF(F5="Medium",2,3)))*Risk_Weights!$B$6 -> 1.75 | I5: =IF(H5>=2.3,"High",IF(H5>=1.6,"Medium","Low")) -> Medium | J5: =Customers!H5 -> 0 | K5: =Customers!I5 -> 0 | L5: =IF(J5=1,"PEP override",IF(K5=1,"Adverse media override","")) | M5: =IF(OR(J5=1,K5=1),"High",I5) -> Medium | N5: =IF(M5="High","Enhanced Due Diligence (EDD)",IF(M5="Medium","Standard CDD + enhanced monitoring","Simplified/Standard CDD")) -> Standard CDD + enhanced monitoring | O5: =IF(M5="High","Annual review",IF(M5="Medium","Review every 2 years","Review every 3 years")) -> Review every 2 years
A6: K005 | B6: Henrik Larsen | C6: =INDEX(Reference_Tables!$B$3:$B$32,MATCH(Customers!D6,Reference_Tables!$A$3:$A$32,0)) -> Low | D6: =INDEX(Reference_Tables!$F$3:$F$22,MATCH(Customers!E6,Reference_Tables!$E$3:$E$22,0)) -> Medium | E6: =INDEX(Reference_Tables!$I$3:$I$12,MATCH(Customers!F6,Reference_Tables!$H$3:$H$12,0)) -> Low | F6: =INDEX(Reference_Tables!$L$3:$L$6,MATCH(Customers!G6,Reference_Tables!$K$3:$K$6,0)) -> Medium | G6: =INDEX(Reference_Tables!$O$3:$O$9,MATCH(Customers!C6,Reference_Tables!$N$3:$N$9,0)) -> Medium | H6: =(IF(C6="Low",1,IF(C6="Medium",2,3)))*Risk_Weights!$B$2+(IF(D6="Low",1,IF(D6="Medium",2,3)))*Risk_Weights!$B$3+(IF(E6="Low",1,IF(E6="Medium",2,3)))*Risk_Weights!$B$4+(IF(G6="Low",1,IF(G6="Medium",2,3)))*Risk_Weights!$B$5+(IF(F6="Low",1,IF(F6="Medium",2,3)))*Risk_Weights!$B$6 -> 1.55 | I6: =IF(H6>=2.3,"High",IF(H6>=1.6,"Medium","Low")) -> Low | J6: =Customers!H6 -> 0 | K6: =Customers!I6 -> 0 | L6: =IF(J6=1,"PEP override",IF(K6=1,"Adverse media override","")) | M6: =IF(OR(J6=1,K6=1),"High",I6) -> Low | N6: =IF(M6="High","Enhanced Due Diligence (EDD)",IF(M6="Medium","Standard CDD + enhanced monitoring","Simplified/Standard CDD")) -> Simplified/Standard CDD | O6: =IF(M6="High","Annual review",IF(M6="Medium","Review every 2 years","Review every 3 years")) -> Review every 3 years
A7: K006 | B7: Priya Raman | C7: =INDEX(Reference_Tables!$B$3:$B$32,MATCH(Customers!D7,Reference_Tables!$A$3:$A$32,0)) -> Medium | D7: =INDEX(Reference_Tables!$F$3:$F$22,MATCH(Customers!E7,Reference_Tables!$E$3:$E$22,0)) -> Low | E7: =INDEX(Reference_Tables!$I$3:$I$12,MATCH(Customers!F7,Reference_Tables!$H$3:$H$12,0)) -> Low | F7: =INDEX(Reference_Tables!$L$3:$L$6,MATCH(Customers!G7,Reference_Tables!$K$3:$K$6,0)) -> Medium | G7: =INDEX(Reference_Tables!$O$3:$O$9,MATCH(Customers!C7,Reference_Tables!$N$3:$N$9,0)) -> Low | H7: =(IF(C7="Low",1,IF(C7="Medium",2,3)))*Risk_Weights!$B$2+(IF(D7="Low",1,IF(D7="Medium",2,3)))*Risk_Weights!$B$3+(IF(E7="Low",1,IF(E7="Medium",2,3)))*Risk_Weights!$B$4+(IF(G7="Low",1,IF(G7="Medium",2,3)))*Risk_Weights!$B$5+(IF(F7="Low",1,IF(F7="Medium",2,3)))*Risk_Weights!$B$6 -> 1.45 | I7: =IF(H7>=2.3,"High",IF(H7>=1.6,"Medium","Low")) -> Low | J7: =Customers!H7 -> 0 | K7: =Customers!I7 -> 0 | L7: =IF(J7=1,"PEP override",IF(K7=1,"Adverse media override","")) | M7: =IF(OR(J7=1,K7=1),"High",I7) -> Low | N7: =IF(M7="High","Enhanced Due Diligence (EDD)",IF(M7="Medium","Standard CDD + enhanced monitoring","Simplified/Standard CDD")) -> Simplified/Standard CDD | O7: =IF(M7="High","Annual review",IF(M7="Medium","Review every 2 years","Review every 3 years")) -> Review every 3 years
A8: K007 | B8: Whitfield & Associates LLP | C8: =INDEX(Reference_Tables!$B$3:$B$32,MATCH(Customers!D8,Reference_Tables!$A$3:$A$32,0)) -> Low | D8: =INDEX(Reference_Tables!$F$3:$F$22,MATCH(Customers!E8,Reference_Tables!$E$3:$E$22,0)) -> Medium | E8: =INDEX(Reference_Tables!$I$3:$I$12,MATCH(Customers!F8,Reference_Tables!$H$3:$H$12,0)) -> Low | F8: =INDEX(Reference_Tables!$L$3:$L$6,MATCH(Customers!G8,Reference_Tables!$K$3:$K$6,0)) -> Low | G8: =INDEX(Reference_Tables!$O$3:$O$9,MATCH(Customers!C8,Reference_Tables!$N$3:$N$9,0)) -> Medium | H8: =(IF(C8="Low",1,IF(C8="Medium",2,3)))*Risk_Weights!$B$2+(IF(D8="Low",1,IF(D8="Medium",2,3)))*Risk_Weights!$B$3+(IF(E8="Low",1,IF(E8="Medium",2,3)))*Risk_Weights!$B$4+(IF(G8="Low",1,IF(G8="Medium",2,3)))*Risk_Weights!$B$5+(IF(F8="Low",1,IF(F8="Medium",2,3)))*Risk_Weights!$B$6 -> 1.35 | I8: =IF(H8>=2.3,"High",IF(H8>=1.6,"Medium","Low")) -> Low | J8: =Customers!H8 -> 0 | K8: =Customers!I8 -> 0 | L8: =IF(J8=1,"PEP override",IF(K8=1,"Adverse media override","")) | M8: =IF(OR(J8=1,K8=1),"High",I8) -> Low | N8: =IF(M8="High","Enhanced Due Diligence (EDD)",IF(M8="Medium","Standard CDD + enhanced monitoring","Simplified/Standard CDD")) -> Simplified/Standard CDD | O8: =IF(M8="High","Annual review",IF(M8="Medium","Review every 2 years","Review every 3 years")) -> Review every 3 years
A9: K008 | B9: Nour Haddad | C9: =INDEX(Reference_Tables!$B$3:$B$32,MATCH(Customers!D9,Reference_Tables!$A$3:$A$32,0)) -> Medium | D9: =INDEX(Reference_Tables!$F$3:$F$22,MATCH(Customers!E9,Reference_Tables!$E$3:$E$22,0)) -> Medium | E9: =INDEX(Reference_Tables!$I$3:$I$12,MATCH(Customers!F9,Reference_Tables!$H$3:$H$12,0)) -> Medium | F9: =INDEX(Reference_Tables!$L$3:$L$6,MATCH(Customers!G9,Reference_Tables!$K$3:$K$6,0)) -> Low | G9: =INDEX(Reference_Tables!$O$3:$O$9,MATCH(Customers!C9,Reference_Tables!$N$3:$N$9,0)) -> Medium | H9: =(IF(C9="Low",1,IF(C9="Medium",2,3)))*Risk_Weights!$B$2+(IF(D9="Low",1,IF(D9="Medium",2,3)))*Risk_Weights!$B$3+(IF(E9="Low",1,IF(E9="Medium",2,3)))*Risk_Weights!$B$4+(IF(G9="Low",1,IF(G9="Medium",2,3)))*Risk_Weights!$B$5+(IF(F9="Low",1,IF(F9="Medium",2,3)))*Risk_Weights!$B$6 -> 1.8 | I9: =IF(H9>=2.3,"High",IF(H9>=1.6,"Medium","Low")) -> Medium | J9: =Customers!H9 -> 0 | K9: =Customers!I9 -> 0 | L9: =IF(J9=1,"PEP override",IF(K9=1,"Adverse media override","")) | M9: =IF(OR(J9=1,K9=1),"High",I9) -> Medium | N9: =IF(M9="High","Enhanced Due Diligence (EDD)",IF(M9="Medium","Standard CDD + enhanced monitoring","Simplified/Standard CDD")) -> Standard CDD + enhanced monitoring | O9: =IF(M9="High","Annual review",IF(M9="Medium","Review every 2 years","Review every 3 years")) -> Review every 2 years
A10: K009 | B10: Grace Ito | C10: =INDEX(Reference_Tables!$B$3:$B$32,MATCH(Customers!D10,Reference_Tables!$A$3:$A$32,0)) -> Low | D10: =INDEX(Reference_Tables!$F$3:$F$22,MATCH(Customers!E10,Reference_Tables!$E$3:$E$22,0)) -> Low | E10: =INDEX(Reference_Tables!$I$3:$I$12,MATCH(Customers!F10,Reference_Tables!$H$3:$H$12,0)) -> Low | F10: =INDEX(Reference_Tables!$L$3:$L$6,MATCH(Customers!G10,Reference_Tables!$K$3:$K$6,0)) -> Low | G10: =INDEX(Reference_Tables!$O$3:$O$9,MATCH(Customers!C10,Reference_Tables!$N$3:$N$9,0)) -> Low | H10: =(IF(C10="Low",1,IF(C10="Medium",2,3)))*Risk_Weights!$B$2+(IF(D10="Low",1,IF(D10="Medium",2,3)))*Risk_Weights!$B$3+(IF(E10="Low",1,IF(E10="Medium",2,3)))*Risk_Weights!$B$4+(IF(G10="Low",1,IF(G10="Medium",2,3)))*Risk_Weights!$B$5+(IF(F10="Low",1,IF(F10="Medium",2,3)))*Risk_Weights!$B$6 -> 1 | I10: =IF(H10>=2.3,"High",IF(H10>=1.6,"Medium","Low")) -> Low | J10: =Customers!H10 -> 1 | K10: =Customers!I10 -> 0 | L10: =IF(J10=1,"PEP override",IF(K10=1,"Adverse media override","")) -> PEP override | M10: =IF(OR(J10=1,K10=1),"High",I10) -> High | N10: =IF(M10="High","Enhanced Due Diligence (EDD)",IF(M10="Medium","Standard CDD + enhanced monitoring","Simplified/Standard CDD")) -> Enhanced Due Diligence (EDD) | O10: =IF(M10="High","Annual review",IF(M10="Medium","Review every 2 years","Review every 3 years")) -> Annual review
A11: K010 | B11: Silverline Trading FZE | C11: =INDEX(Reference_Tables!$B$3:$B$32,MATCH(Customers!D11,Reference_Tables!$A$3:$A$32,0)) -> Medium | D11: =INDEX(Reference_Tables!$F$3:$F$22,MATCH(Customers!E11,Reference_Tables!$E$3:$E$22,0)) -> High | E11: =INDEX(Reference_Tables!$I$3:$I$12,MATCH(Customers!F11,Reference_Tables!$H$3:$H$12,0)) -> High | F11: =INDEX(Reference_Tables!$L$3:$L$6,MATCH(Customers!G11,Reference_Tables!$K$3:$K$6,0)) -> High | G11: =INDEX(Reference_Tables!$O$3:$O$9,MATCH(Customers!C11,Reference_Tables!$N$3:$N$9,0)) -> High | H11: =(IF(C11="Low",1,IF(C11="Medium",2,3)))*Risk_Weights!$B$2+(IF(D11="Low",1,IF(D11="Medium",2,3)))*Risk_Weights!$B$3+(IF(E11="Low",1,IF(E11="Medium",2,3)))*Risk_Weights!$B$4+(IF(G11="Low",1,IF(G11="Medium",2,3)))*Risk_Weights!$B$5+(IF(F11="Low",1,IF(F11="Medium",2,3)))*Risk_Weights!$B$6 -> 2.75 | I11: =IF(H11>=2.3,"High",IF(H11>=1.6,"Medium","Low")) -> High | J11: =Customers!H11 -> 0 | K11: =Customers!I11 -> 0 | L11: =IF(J11=1,"PEP override",IF(K11=1,"Adverse media override","")) | M11: =IF(OR(J11=1,K11=1),"High",I11) -> High | N11: =IF(M11="High","Enhanced Due Diligence (EDD)",IF(M11="Medium","Standard CDD + enhanced monitoring","Simplified/Standard CDD")) -> Enhanced Due Diligence (EDD) | O11: =IF(M11="High","Annual review",IF(M11="Medium","Review every 2 years","Review every 3 years")) -> Annual review
A12: K011 | B12: Anatoly Sokolov | C12: =INDEX(Reference_Tables!$B$3:$B$32,MATCH(Customers!D12,Reference_Tables!$A$3:$A$32,0)) -> Medium | D12: =INDEX(Reference_Tables!$F$3:$F$22,MATCH(Customers!E12,Reference_Tables!$E$3:$E$22,0)) -> Medium | E12: =INDEX(Reference_Tables!$I$3:$I$12,MATCH(Customers!F12,Reference_Tables!$H$3:$H$12,0)) -> High | F12: =INDEX(Reference_Tables!$L$3:$L$6,MATCH(Customers!G12,Reference_Tables!$K$3:$K$6,0)) -> High | G12: =INDEX(Reference_Tables!$O$3:$O$9,MATCH(Customers!C12,Reference_Tables!$N$3:$N$9,0)) -> Medium | H12: =(IF(C12="Low",1,IF(C12="Medium",2,3)))*Risk_Weights!$B$2+(IF(D12="Low",1,IF(D12="Medium",2,3)))*Risk_Weights!$B$3+(IF(E12="Low",1,IF(E12="Medium",2,3)))*Risk_Weights!$B$4+(IF(G12="Low",1,IF(G12="Medium",2,3)))*Risk_Weights!$B$5+(IF(F12="Low",1,IF(F12="Medium",2,3)))*Risk_Weights!$B$6 -> 2.4 | I12: =IF(H12>=2.3,"High",IF(H12>=1.6,"Medium","Low")) -> High | J12: =Customers!H12 -> 0 | K12: =Customers!I12 -> 1 | L12: =IF(J12=1,"PEP override",IF(K12=1,"Adverse media override","")) -> Adverse media override | M12: =IF(OR(J12=1,K12=1),"High",I12) -> High | N12: =IF(M12="High","Enhanced Due Diligence (EDD)",IF(M12="Medium","Standard CDD + enhanced monitoring","Simplified/Standard CDD")) -> Enhanced Due Diligence (EDD) | O12: =IF(M12="High","Annual review",IF(M12="Medium","Review every 2 years","Review every 3 years")) -> Annual review
A13: K012 | B13: Maria Fernandez | C13: =INDEX(Reference_Tables!$B$3:$B$32,MATCH(Customers!D13,Reference_Tables!$A$3:$A$32,0)) -> Medium | D13: =INDEX(Reference_Tables!$F$3:$F$22,MATCH(Customers!E13,Reference_Tables!$E$3:$E$22,0)) -> Low | E13: =INDEX(Reference_Tables!$I$3:$I$12,MATCH(Customers!F13,Reference_Tables!$H$3:$H$12,0)) -> Low | F13: =INDEX(Reference_Tables!$L$3:$L$6,MATCH(Customers!G13,Reference_Tables!$K$3:$K$6,0)) -> Low | G13: =INDEX(Reference_Tables!$O$3:$O$9,MATCH(Customers!C13,Reference_Tables!$N$3:$N$9,0)) -> Low | H13: =(IF(C13="Low",1,IF(C13="Medium",2,3)))*Risk_Weights!$B$2+(IF(D13="Low",1,IF(D13="Medium",2,3)))*Risk_Weights!$B$3+(IF(E13="Low",1,IF(E13="Medium",2,3)))*Risk_Weights!$B$4+(IF(G13="Low",1,IF(G13="Medium",2,3)))*Risk_Weights!$B$5+(IF(F13="Low",1,IF(F13="Medium",2,3)))*Risk_Weights!$B$6 -> 1.25 | I13: =IF(H13>=2.3,"High",IF(H13>=1.6,"Medium","Low")) -> Low | J13: =Customers!H13 -> 0 | K13: =Customers!I13 -> 0 | L13: =IF(J13=1,"PEP override",IF(K13=1,"Adverse media override","")) | M13: =IF(OR(J13=1,K13=1),"High",I13) -> Low | N13: =IF(M13="High","Enhanced Due Diligence (EDD)",IF(M13="Medium","Standard CDD + enhanced monitoring","Simplified/Standard CDD")) -> Simplified/Standard CDD | O13: =IF(M13="High","Annual review",IF(M13="Medium","Review every 2 years","Review every 3 years")) -> Review every 3 years
... A26: K025 | B26: Lucas Meyer | C26: =INDEX(Reference_Tables!$B$3:$B$32,MATCH(Customers!D26,Reference_Tables!$A$3:$A$32,0)) -> Low | D26: =INDEX(Reference_Tables!$F$3:$F$22,MATCH(Customers!E26,Reference_Tables!$E$3:$E$22,0)) -> Low | E26: =INDEX(Reference_Tables!$I$3:$I$12,MATCH(Customers!F26,Reference_Tables!$H$3:$H$12,0)) -> Low | F26: =INDEX(Reference_Tables!$L$3:$L$6,MATCH(Customers!G26,Reference_Tables!$K$3:$K$6,0)) -> Low | G26: =INDEX(Reference_Tables!$O$3:$O$9,MATCH(Customers!C26,Reference_Tables!$N$3:$N$9,0)) -> Low | H26: =(IF(C26="Low",1,IF(C26="Medium",2,3)))*Risk_Weights!$B$2+(IF(D26="Low",1,IF(D26="Medium",2,3)))*Risk_Weights!$B$3+(IF(E26="Low",1,IF(E26="Medium",2,3)))*Risk_Weights!$B$4+(IF(G26="Low",1,IF(G26="Medium",2,3)))*Risk_Weights!$B$5+(IF(F26="Low",1,IF(F26="Medium",2,3)))*Risk_Weights!$B$6 -> 1 | I26: =IF(H26>=2.3,"High",IF(H26>=1.6,"Medium","Low")) -> Low | J26: =Customers!H26 -> 0 | K26: =Customers!I26 -> 0 | L26: =IF(J26=1,"PEP override",IF(K26=1,"Adverse media override","")) | M26: =IF(OR(J26=1,K26=1),"High",I26) -> Low | N26: =IF(M26="High","Enhanced Due Diligence (EDD)",IF(M26="Medium","Standard CDD + enhanced monitoring","Simplified/Standard CDD")) -> Simplified/Standard CDD | O26: =IF(M26="High","Annual review",IF(M26="Medium","Review every 2 years","Review every 3 years")) -> Review every 3 years
